Avexez,62
[HyP] WhiteLight,38
Memo17,34
AliHook,34
Nabs_96,32
ilden,30
[HyP] Petan,29
uNlove,29
[OT]Bremo,25
[OT] Alper,25
Lez,21
Donpatchi,21
Zetavack,21
EVRA,19
milkaz,19
h e f u k o üê¨,17
rosen,16
skum,16
Isco,15
Aiizerr,14
I-zepha-I,14
Natzy,13
lojza,13
Leloup,13
lemon,13
[HyP] grass,10
LorD,10
Taiga75,10
Mihmoud,9
[OT] antadr,9
makeflow,9
jacksonforlife11,9
Benzema,9
Jellesh,8
Kusonore,7
Cubone,7
Kalay Mbaba,7
Joshua20,7
Auros,7
MD,6
‚ú™ AlpP_* !,6
PTP Guga,6
melihnv,5
St.Rolexx,5
xerus,5
tesro,5
[OT] Catuga,5
NASH,5
Coszmin,4
WinZEagLe,4
OneAir971,4
Robert Benzema,4
ShŒµms,4
pinho,4
[OT] Kamen,4
Nespado,4
Tokyo,3
maxence.brgt,3
eldiegos,3
Preslav,3
Lappy,3
Brylos,3
FroZeN,3
UTURNGAMING,3
the omdaz,2
Moha,2
Nisya,2
DonHuevo,2
El banador,2
dido,2
Dipson,2
rev,2
DrPooff,2
Persh,2
Joe..,1
Tahkirva,1
Pikary,1
Snake,1
Borgar,1
rberto11,1
christopherloko,1
Ziggourats,1
Jodark71,1
Baronu,1
NeatQueue,1
Zi fu,1
fom,1
.‚úØ ~ Musta ~ ‚úØ.,1
Kenan,1
Davy,1
Mathis,1
Bagrit,1
Pinks0,1
hvvvkkk,1
pxdv,1
Luxors,1
JackWade,1
Bullet,1
–ï–±–ª–∞–Ω–¥—ã—Ä—å,1